hotel_id,image1,image2,image3
1,https://images.unsplash.com/photo-1551776235-dde6d4829808?auto=format&fit=crop&w=1200&q=80,https://images.unsplash.com/photo-1501117716987-c8e8b1c53f8d?auto=format&fit=crop&w=1200&q=80,https://images.unsplash.com/photo-1590490360182-c33e4db99f87?auto=format&fit=crop&w=1200&q=80
2,https://images.unsplash.com/photo-1484154218962-a197022b5858?auto=format&fit=crop&w=1200&q=80,https://images.unsplash.com/photo-1502672023488-70e25813eb80?auto=format&fit=crop&w=1200&q=80,https://images.unsplash.com/photo-1533777324565-a040eb52fac1?auto=format&fit=crop&w=1200&q=80
3,https://images.unsplash.com/photo-1578683010236-d716f9a3f461?auto=format&fit=crop&w=1200&q=80,https://images.unsplash.com/photo-1507679799987-c7e29d409141?auto=format&fit=crop&w=1200&q=80,https://images.unsplash.com/photo-1512917774080-9991f1c4c750?auto=format&fit=crop&w=1200&q=80
4,https://images.unsplash.com/photo-1507089947368-19c1da9775ae?auto=format&fit=crop&w=1200&q=80,https://images.unsplash.com/photo-1584132967334-0c03a520c210?auto=format&fit=crop&w=1200&q=80,https://images.unsplash.com/photo-1519985176271-adb1088fa94c?auto=format&fit=crop&w=1200&q=80
5,https://images.unsplash.com/photo-1542317854-457c3509d82c?auto=format&fit=crop&w=1200&q=80,https://images.unsplash.com/photo-1551776231-d867a40dcded?auto=format&fit=crop&w=1200&q=80,https://images.unsplash.com/photo-1496417263034-38ec4f0b665a?auto=format&fit=crop&w=1200&q=80
6,https://images.unsplash.com/photo-1502672260266-1c1ef2d93688?auto=format&fit=crop&w=1200&q=80,https://images.unsplash.com/photo-1512917774080-9991f1c4c750?auto=format&fit=crop&w=1200&q=80,https://images.unsplash.com/photo-1484154218962-a197022b5858?auto=format&fit=crop&w=1200&q=80
7,https://images.unsplash.com/photo-1582719478181-b055be05f7c1?auto=format&fit=crop&w=1200&q=80,https://images.unsplash.com/photo-1590490360182-c33e4db99f87?auto=format&fit=crop&w=1200&q=80,https://images.unsplash.com/photo-1519985176271-adb1088fa94c?auto=format&fit=crop&w=1200&q=80
8,https://images.unsplash.com/photo-1542314831-068cd1dbfeeb?auto=format&fit=crop&w=1200&q=80,https://images.unsplash.com/photo-1582719478181-b055be05f7c1?auto=format&fit=crop&w=1200&q=80,https://images.unsplash.com/photo-1566073771259-6a8506099945?auto=format&fit=crop&w=1200&q=80
9,https://images.unsplash.com/photo-1551776235-dde6d4829808?auto=format&fit=crop&w=1200&q=80,https://images.unsplash.com/photo-1512917774080-9991f1c4c750?auto=format&fit=crop&w=1200&q=80,https://images.unsplash.com/photo-1521783593447-57bd3f47a7f7?auto=format&fit=crop&w=1200&q=80
10,https://images.unsplash.com/photo-1582719478181-b055be05f7c1?auto=format&fit=crop&w=1200&q=80,https://images.unsplash.com/photo-1484154218962-a197022b5858?auto=format&fit=crop&w=1200&q=80,https://images.unsplash.com/photo-1590490360182-c33e4db99f87?auto=format&fit=crop&w=1200&q=80
11,https://images.unsplash.com/photo-1507089947368-19c1da9775ae?auto=format&fit=crop&w=1200&q=80,https://images.unsplash.com/photo-1578683010236-d716f9a3f461?auto=format&fit=crop&w=1200&q=80,https://images.unsplash.com/photo-1496417263034-38ec4f0b665a?auto=format&fit=crop&w=1200&q=80
12,https://images.unsplash.com/photo-1582719478136-c6f9c59d7421?auto=format&fit=crop&w=1200&q=80,https://images.unsplash.com/photo-1500462918059-b1f1d6d451e8?auto=format&fit=crop&w=1200&q=80,https://images.unsplash.com/photo-1584132967334-0c03a520c210?auto=format&fit=crop&w=1200&q=80
13,https://images.unsplash.com/photo-1542317854-457c3509d82c?auto=format&fit=crop&w=1200&q=80,https://images.unsplash.com/photo-1578683010236-d716f9a3f461?auto=format&fit=crop&w=1200&q=80,https://images.unsplash.com/photo-1533777324565-a040eb52fac1?auto=format&fit=crop&w=1200&q=80
14,https://images.unsplash.com/photo-1512917774080-9991f1c4c750?auto=format&fit=crop&w=1200&q=80,https://images.unsplash.com/photo-1582719478181-b055be05f7c1?auto=format&fit=crop&w=1200&q=80,https://images.unsplash.com/photo-1590490360182-c33e4db99f87?auto=format&fit=crop&w=1200&q=80
15,https://images.unsplash.com/photo-1522708323590-d39f0ec4164f?auto=format&fit=crop&w=1200&q=80,https://images.unsplash.com/photo-1496417263034-38ec4f0b665a?auto=format&fit=crop&w=1200&q=80,https://images.unsplash.com/photo-1551776231-d867a40dcded?auto=format&fit=crop&w=1200&q=80
16,https://images.unsplash.com/photo-1502672023488-70e25813eb80?auto=format&fit=crop&w=1200&q=80,https://images.unsplash.com/photo-1566073771259-6a8506099945?auto=format&fit=crop&w=1200&q=80,https://images.unsplash.com/photo-1484154218962-a197022b5858?auto=format&fit=crop&w=1200&q=80
17,https://images.unsplash.com/photo-1584132967334-0c03a520c210?auto=format&fit=crop&w=1200&q=80,https://images.unsplash.com/photo-1519985176271-adb1088fa94c?auto=format&fit=crop&w=1200&q=80,https://images.unsplash.com/photo-1578683010236-d716f9a3f461?auto=format&fit=crop&w=1200&q=80
18,https://images.unsplash.com/photo-1566073771259-6a8506099945?auto=format&fit=crop&w=1200&q=80,https://images.unsplash.com/photo-1496417263034-38ec4f0b665a?auto=format&fit=crop&w=1200&q=80,https://images.unsplash.com/photo-1522708323590-d39f0ec4164f?auto=format&fit=crop&w=1200&q=80
19,https://images.unsplash.com/photo-1512917774080-9991f1c4c750?auto=format&fit=crop&w=1200&q=80,https://images.unsplash.com/photo-1581432967334-0c03a520c210?auto=format&fit=crop&w=1200&q=80,https://images.unsplash.com/photo-1542317854-457c3509d82c?auto=format&fit=crop&w=1200&q=80
20,https://images.unsplash.com/photo-1500462918059-b1f1d6d451e8?auto=format&fit=crop&w=1200&q=80,https://images.unsplash.com/photo-1578683010236-d716f9a3f461?auto=format&fit=crop&w=1200&q=80,https://images.unsplash.com/photo-1502672260266-1c1ef2d93688?auto=format&fit=crop&w=1200&q=80
21,https://images.unsplash.com/photo-1501117716987-c8e8b1c53f8d?auto=format&fit=crop&w=1200&q=80,https://images.unsplash.com/photo-1581432967334-0c03a520c210?auto=format&fit=crop&w=1200&q=80,https://images.unsplash.com/photo-1533777324565-a040eb52fac1?auto=format&fit=crop&w=1200&q=80
22,https://images.unsplash.com/photo-1521783593447-57bd3f47a7f7?auto=format&fit=crop&w=1200&q=80,https://images.unsplash.com/photo-1590490360182-c33e4db99f87?auto=format&fit=crop&w=1200&q=80,https://images.unsplash.com/photo-1484154218962-a197022b5858?auto=format&fit=crop&w=1200&q=80
23,https://images.unsplash.com/photo-1542314831-068cd1dbfeeb?auto=format&fit=crop&w=1200&q=80,https://images.unsplash.com/photo-1507679799987-c7e29d409141?auto=format&fit=crop&w=1200&q=80,https://images.unsplash.com/photo-1578683010236-d716f9a3f461?auto=format&fit=crop&w=1200&q=80
24,https://images.unsplash.com/photo-1533777324565-a040eb52fac1?auto=format&fit=crop&w=1200&q=80,https://images.unsplash.com/photo-1496417263034-38ec4f0b665a?auto=format&fit=crop&w=1200&q=80,https://images.unsplash.com/photo-1551776235-dde6d4829808?auto=format&fit=crop&w=1200&q=80
25,https://images.unsplash.com/photo-1484154218962-a197022b5858?auto=format&fit=crop&w=1200&q=80,https://images.unsplash.com/photo-1522708323590-d39f0ec4164f?auto=format&fit=crop&w=1200&q=80,https://images.unsplash.com/photo-1578683010236-d716f9a3f461?auto=format&fit=crop&w=1200&q=80
